title,description,url,image,genre,rating,rating_count,content_rating,director,stars,release_year,duration_minutes,simple_genre
Parasite,Greed and class discrimination threaten the newly formed symbiotic relationship between the wealthy Park family and the destitute Kim clan.,https://www.imdb.com/title/tt6751668/,https://m.media-amazon.com/images/M/MV5BYjk1Y2U4MjQtY2ZiNS00OWQyLWI3MmYtZWUwNmRjYWRiNWNhXkEyXkFqcGc@._V1_.jpg,"Drama, Thriller",8.5,1090906,R,Bong Joon Ho,"Song Kang-ho, Lee Sun-kyun, Cho Yeo-jeong",2019-11-08,132,"Drama, Thriller"
Mulholland Drive,"After a car wreck on Mulholland Drive renders a woman amnesiac, she and a Hollywood-hopeful search for clues and answers across Los Angeles in a twisting venture beyond dreams and reality.",https://www.imdb.com/title/tt0166924/,https://m.media-amazon.com/images/M/MV5BNjliY2UwMjQtYjVlNi00NzExLTg1MDMtMjE2OTYwYjI0NTcxXkEyXkFqcGc@._V1_.jpg,"Drama, Mystery, Thriller",7.9,412790,R,David Lynch,"Naomi Watts, Laura Harring, Justin Theroux",2001-10-19,147,"Drama, Thriller"
There Will Be Blood,"A story of family, religion, hatred, oil and madness, focusing on a turn-of-the-century prospector in the early days of the business.",https://www.imdb.com/title/tt0469494/,https://m.media-amazon.com/images/M/MV5BMjAxODQ4MDU5NV5BMl5BanBnXkFtZTcwMDU4MjU1MQ@@._V1_.jpg,Drama,8.2,679787,R,Paul Thomas Anderson,"Daniel Day-Lewis, Paul Dano, Ciarán Hinds",2008-01-25,158,Drama
In the Mood for Love,"Two neighbors form a strong bond after both suspect extramarital activities of their spouses. However, they agree to keep their bond platonic so as not to commit similar wrongs.",https://www.imdb.com/title/tt0118694/,https://m.media-amazon.com/images/M/MV5BN2Q4NjllMDgtOTk2Zi00YzM1LWJmOTMtNmRiZDgyZGJmMjQzXkEyXkFqcGc@._V1_.jpg,"Drama, Romance",8.1,180583,PG,Wong Kar-Wai,"Maggie Cheung, Tony Leung Chiu-wai, Ping-Lam Siu",2001-03-09,98,"Drama, Romance"
Moonlight,"A young African-American man grapples with his identity and sexuality while experiencing the everyday struggles of childhood, adolescence, and burgeoning adulthood.",https://www.imdb.com/title/tt4975722/,https://m.media-amazon.com/images/M/MV5BNzQxNTIyODAxMV5BMl5BanBnXkFtZTgwNzQyMDA3OTE@._V1_.jpg,Drama,7.4,344639,R,Barry Jenkins,"Mahershala Ali, Naomie Harris, Trevante Rhodes",2016-11-18,111,Drama
No Country for Old Men,Violence and mayhem ensue after a hunter stumbles upon the aftermath of a drug deal gone wrong and over two million dollars in cash near the Rio Grande.,https://www.imdb.com/title/tt0477348/,https://m.media-amazon.com/images/M/MV5BMjA5Njk3MjM4OV5BMl5BanBnXkFtZTcwMTc5MTE1MQ@@._V1_.jpg,"Crime, Drama, Thriller",8.2,1141082,R,"Ethan Coen, Joel Coen","Tommy Lee Jones, Javier Bardem, Josh Brolin",2007-11-21,122,"Crime, Drama, Thriller"
Eternal Sunshine of the Spotless Mind,"When their relationship turns sour, a couple undergoes a medical procedure to have each other erased from their memories forever.",https://www.imdb.com/title/tt0338013/,https://m.media-amazon.com/images/M/MV5BMTY4NzcwODg3Nl5BMl5BanBnXkFtZTcwNTEwOTMyMw@@._V1_.jpg,"Drama, Romance, Sci-Fi",8.3,1149103,R,Michel Gondry,"Jim Carrey, Kate Winslet, Tom Wilkinson",2004-03-19,108,"Drama, Romance, Sci-Fi"
Get Out,"A young African-American visits his white girlfriend&apos;s parents for the weekend, where his simmering uneasiness about their reception of him eventually reaches a boiling point.",https://www.imdb.com/title/tt5052448/,https://m.media-amazon.com/images/M/MV5BMjUxMDQwNjcyNl5BMl5BanBnXkFtZTgwNzcwMzc0MTI@._V1_.jpg,"Horror, Mystery, Thriller",7.8,773244,R,Jordan Peele,"Daniel Kaluuya, Allison Williams, Bradley Whitford",2017-02-24,104,"Horror, Thriller"
Spirited Away,"During her family&apos;s move to the suburbs, a sullen 10-year-old girl wanders into a world ruled by gods, witches and spirits, and where humans are changed into beasts.",https://www.imdb.com/title/tt0245429/,https://m.media-amazon.com/images/M/MV5BNTEyNmEwOWUtYzkyOC00ZTQ4LTllZmUtMjk0Y2YwOGUzYjRiXkEyXkFqcGc@._V1_.jpg,"Animation, Adventure, Family",8.6,925926,PG,Hayao Miyazaki,"Daveigh Chase, Suzanne Pleshette, Miyu Irino",2003-03-28,124,"Adventure, Animation, Family"
The Social Network,"As Harvard student Mark Zuckerberg creates the social networking site that would become known as Facebook, he is sued by the twins who claimed he stole their idea and by the co-founder who was later squeezed out of the business.",https://www.imdb.com/title/tt1285016/,https://m.media-amazon.com/images/M/MV5BMjlkNTE5ZTUtNGEwNy00MGVhLThmZjMtZjU1NDE5Zjk1NDZkXkEyXkFqcGc@._V1_.jpg,"Biography, Drama",7.8,798438,PG-13,David Fincher,"Jesse Eisenberg, Andrew Garfield, Justin Timberlake",2010-10-01,120,"Biography, Drama"
Mad Max: Fury Road,"In a post-apocalyptic wasteland, a woman rebels against a tyrannical ruler in search for her homeland with the aid of a group of female prisoners, a psychotic worshipper and a drifter named Max.",https://www.imdb.com/title/tt1392190/,https://m.media-amazon.com/images/M/MV5BZDRkODJhOTgtOTc1OC00NTgzLTk4NjItNDgxZDY4YjlmNDY2XkEyXkFqcGc@._V1_.jpg,"Action, Adventure, Sci-Fi",8.1,1177459,R,George Miller,"Tom Hardy, Charlize Theron, Nicholas Hoult",2015-05-15,120,"Action, Adventure, Sci-Fi"
The Zone of Interest,Auschwitz commandant Rudolf Höss and his wife Hedwig strive to build a dream life for their family in a house and garden beside the camp.,https://www.imdb.com/title/tt7160372/,https://m.media-amazon.com/images/M/MV5BNjk4MTQ3MGEtZmI4OS00N2NhLWI5ZjgtYWE5ZWVkZGExYTQ1XkEyXkFqcGc@._V1_.jpg,"Drama, History, War",7.3,138703,PG-13,Jonathan Glazer,"Christian Friedel, Sandra Hüller, Johann Karthaus",2024-02-20,105,"Drama, History, War"
Children of Men,"In 2027, in a chaotic world in which women have somehow become infertile, a former activist agrees to help transport a miraculously pregnant woman to a sanctuary at sea.",https://www.imdb.com/title/tt0206634/,https://m.media-amazon.com/images/M/MV5BMDNkNmNiYzYtYWY0YS00NWEwLTgwMWUtYjM0M2E4Nzk3MzhmXkEyXkFqcGc@._V1_.jpg,"Drama, Sci-Fi, Thriller",7.9,552646,R,Alfonso Cuarón,"Julianne Moore, Clive Owen, Chiwetel Ejiofor",2007-01-05,109,"Drama, Sci-Fi, Thriller"
Inglourious Basterds,"In Nazi-occupied France during World War II, a plan to assassinate Nazi leaders by a group of Jewish U.S. soldiers coincides with a theatre owner&apos;s vengeful plans for the same.",https://www.imdb.com/title/tt0361748/,https://m.media-amazon.com/images/M/MV5BODZhMWJlNjYtNDExNC00MTIzLTllM2ItOGQ2NGVjNDQ3MzkzXkEyXkFqcGc@._V1_.jpg,"Adventure, Drama, War",8.4,1708697,R,Quentin Tarantino,"Brad Pitt, Diane Kruger, Eli Roth",2009-08-21,153,"Adventure, Drama, War"
City of God,"In the slums of Rio, two kids&apos; paths diverge as one struggles to become a photographer and the other a kingpin.",https://www.imdb.com/title/tt0317248/,https://m.media-amazon.com/images/M/MV5BYjY4NGI5OTUtY2ZlZS00Zjk4LTk5N2MtN2JmYWVjNGNmMGRlXkEyXkFqcGc@._V1_.jpg,"Crime, Drama",8.6,846442,R,"Fernando Meirelles, Kátia Lund","Alexandre Rodrigues, Leandro Firmino, Matheus Nachtergaele",2004-02-13,130,"Crime, Drama"
"Crouching Tiger, Hidden Dragon",A young Chinese warrior steals a sword from a famed swordsman and then escapes into a world of romantic adventure with a mysterious man in the frontier of the nation.,https://www.imdb.com/title/tt0190332/,https://m.media-amazon.com/images/M/MV5BMzRmMTU2OWEtZjI0Ni00MGRhLThjOTItZTJiNmM4MDk0ZWU2XkEyXkFqcGc@._V1_.jpg,"Action, Adventure, Drama",7.9,289890,PG-13,Ang Lee,"Chow Yun-Fat, Michelle Yeoh, Ziyi Zhang",2001-01-12,120,"Action, Adventure, Drama"
Brokeback Mountain,"Two shepherds fall for each other, but their relationship becomes complicated when they both get married to their respective girlfriends.",https://www.imdb.com/title/tt0388795/,https://m.media-amazon.com/images/M/MV5BMzM4OWFjMTMtZjNjOS00YmU3LTlhY2MtNjFiMTVkN2Y1OTZlXkEyXkFqcGc@._V1_.jpg,"Drama, Romance",7.7,405982,R,Ang Lee,"Jake Gyllenhaal, Heath Ledger, Michelle Williams",2006-01-13,134,"Drama, Romance"
Y tu mamá también,"In Mexico, two teenage boys and an older woman embark on a road trip and learn a thing or two about life and each other.",https://www.imdb.com/title/tt0245574/,https://m.media-amazon.com/images/M/MV5BNTRmZmNlMjktZDRkMi00OGNjLWJkZGUtMDljNDViMGE3MjNhXkEyXkFqcGc@._V1_.jpg,Drama,7.7,136693,,Alfonso Cuarón,"Maribel Verdú, Gael García Bernal, Daniel Giménez Cacho",2001-06-08,106,Drama
Zodiac,"Between 1968 and 1983, a San Francisco cartoonist becomes an amateur detective obsessed with tracking down the Zodiac Killer, an unidentified individual who terrorizes Northern California with a killing spree.",https://www.imdb.com/title/tt0443706/,https://m.media-amazon.com/images/M/MV5BNDFkMTRkZmQtM2I0NC00NjJjLWJlMDctNTNiZWYxYzhjZDZiXkEyXkFqcGc@._V1_.jpg,"Crime, Drama, Mystery",7.7,645219,R,David Fincher,"Jake Gyllenhaal, Robert Downey Jr., Mark Ruffalo",2007-03-02,157,"Crime, Drama, Thriller"
The Wolf of Wall Street,"Based on the true story of Jordan Belfort, from his rise to a wealthy stock-broker living the high life to his fall involving crime, corruption and the federal government.",https://www.imdb.com/title/tt0993846/,https://m.media-amazon.com/images/M/MV5BMjIxMjgxNTk0MF5BMl5BanBnXkFtZTgwNjIyOTg2MDE@._V1_.jpg,"Biography, Comedy, Crime",8.2,1711707,R,Martin Scorsese,"Leonardo DiCaprio, Jonah Hill, Margot Robbie",2013-12-25,180,"Biography, Comedy, Crime"
The Royal Tenenbaums,The eccentric members of a dysfunctional family reluctantly gather under the same roof for various reasons.,https://www.imdb.com/title/tt0265666/,https://m.media-amazon.com/images/M/MV5BZTc1MzFlMjEtMzkyNC00NDgyLThjMjMtMzQzZGI5YjUyNzU5XkEyXkFqcGc@._V1_.jpg,"Comedy, Drama",7.6,326085,R,Wes Anderson,"Gene Hackman, Gwyneth Paltrow, Anjelica Huston",2002-01-04,110,"Comedy, Drama"
The Grand Budapest Hotel,"A writer encounters the owner of an aging high-class hotel, who tells him of his early years serving as a lobby boy in the hotel&apos;s glorious years under an exceptional concierge.",https://www.imdb.com/title/tt2278388/,https://m.media-amazon.com/images/M/MV5BMzM5NjUxOTEyMl5BMl5BanBnXkFtZTgwNjEyMDM0MDE@._V1_.jpg,"Comedy, Drama",8.1,937610,R,Wes Anderson,"Ralph Fiennes, F. Murray Abraham, Mathieu Amalric",2014-03-28,99,"Comedy, Drama"
Boyhood,"The life of Mason, from early childhood to his arrival at college.",https://www.imdb.com/title/tt1065073/,https://m.media-amazon.com/images/M/MV5BMTYzNDc2MDc0N15BMl5BanBnXkFtZTgwOTcwMDQ5MTE@._V1_.jpg,Drama,7.9,376971,R,Richard Linklater,"Ellar Coltrane, Patricia Arquette, Ethan Hawke",2014-08-15,165,Drama
Her,"In the near future, a lonely writer develops an unlikely relationship with an operating system designed to meet his every need.",https://www.imdb.com/title/tt1798709/,https://m.media-amazon.com/images/M/MV5BMjA1Nzk0OTM2OF5BMl5BanBnXkFtZTgwNjU2NjEwMDE@._V1_.jpg,"Drama, Romance, Sci-Fi",8.0,708832,R,Spike Jonze,"Joaquin Phoenix, Amy Adams, Scarlett Johansson",2014-01-10,126,"Drama, Romance, Sci-Fi"
Phantom Thread,"Set in 1950s London, Reynolds Woodcock is a renowned dressmaker whose fastidious life is disrupted by a young, strong-willed woman, Alma, who becomes his muse and lover.",https://www.imdb.com/title/tt5776858/,https://m.media-amazon.com/images/M/MV5BOTMzNWNhNDctMTM2MC00N2EwLThjYTEtMmQ2ZDAyNDVlNzgyXkEyXkFqcGc@._V1_.jpg,"Drama, Romance",7.4,153272,R,Paul Thomas Anderson,"Vicky Krieps, Daniel Day-Lewis, Lesley Manville",2018-01-19,130,"Drama, Romance"
Anatomy of a Fall,A woman is suspected of murder after her husband&apos;s death; their half-blind son faces a moral dilemma as the main witness.,https://www.imdb.com/title/tt17009710/,https://m.media-amazon.com/images/M/MV5BYTk3MjFkZmQtMThiYi00N2JhLTk2YzItZTE5ZGUxZTIyZDVkXkEyXkFqcGc@._V1_.jpg,"Crime, Drama, Thriller",7.6,180331,R,Justine Triet,"Sandra Hüller, Swann Arlaud, Milo Machado-Graner",2024-03-22,151,"Crime, Drama, Thriller"
Adaptation.,A lovelorn screenwriter becomes desperate as he tries and fails to adapt &apos;The Orchid Thief&apos; by Susan Orlean for the screen.,https://www.imdb.com/title/tt0268126/,https://m.media-amazon.com/images/M/MV5BMmQ1MWMxZjEtNmNmYi00ZGFhLWExZDItODcwNzlmZjg0YzNlXkEyXkFqcGc@._V1_.jpg,"Comedy, Drama",7.7,210270,R,Spike Jonze,"Nicolas Cage, Meryl Streep, Chris Cooper",2003-02-14,115,"Comedy, Drama"
The Dark Knight,"When a menace known as the Joker wreaks havoc and chaos on the people of Gotham, Batman, James Gordon and Harvey Dent must work together to put an end to the madness.",https://www.imdb.com/title/tt0468569/,https://m.media-amazon.com/images/M/MV5BMTMxNTMwODM0NF5BMl5BanBnXkFtZTcwODAyMTk2Mw@@._V1_.jpg,"Action, Crime, Drama",9.1,3060571,PG-13,Christopher Nolan,"Christian Bale, Heath Ledger, Aaron Eckhart",2008-07-18,152,"Action, Crime, Drama"
Arrival,"Linguist Louise Banks leads a team of investigators when gigantic spaceships touch down around the world. As nations teeter on the verge of global war, Banks and her crew must find a way to communicate with the extraterrestrial vi...",https://www.imdb.com/title/tt2543164/,https://m.media-amazon.com/images/M/MV5BMTExMzU0ODcxNDheQTJeQWpwZ15BbWU4MDE1OTI4MzAy._V1_.jpg,"Drama, Mystery, Sci-Fi",7.9,829831,PG-13,Denis Villeneuve,"Amy Adams, Jeremy Renner, Forest Whitaker",2016-11-11,116,"Drama, Sci-Fi, Thriller"
Lost in Translation,A fading movie star falls for a lonely young woman in Tokyo.,https://www.imdb.com/title/tt0335266/,https://m.media-amazon.com/images/M/MV5BMTUxMzk0NDg1MV5BMl5BanBnXkFtZTgwNDg0NjkxMDI@._V1_.jpg,"Comedy, Drama",7.7,515472,R,Sofia Coppola,"Bill Murray, Scarlett Johansson, Giovanni Ribisi",2003-10-03,102,"Comedy, Drama"
The Departed,An undercover cop and a mole in the police attempt to identify each other while infiltrating an Irish gang in South Boston.,https://www.imdb.com/title/tt0407887/,https://m.media-amazon.com/images/M/MV5BMTI1MTY2OTIxNV5BMl5BanBnXkFtZTYwNjQ4NjY3._V1_.jpg,"Crime, Drama, Thriller",8.5,1505468,R,Martin Scorsese,"Leonardo DiCaprio, Matt Damon, Jack Nicholson",2006-10-06,151,"Crime, Drama, Thriller"
Bridesmaids,"Competition between the maid of honor and a bridesmaid, over who is the bride&apos;s best friend, threatens to upend the life of an out-of-work pastry chef.",https://www.imdb.com/title/tt1478338/,https://m.media-amazon.com/images/M/MV5BMjAyOTMyMzUxNl5BMl5BanBnXkFtZTcwODI4MzE0NA@@._V1_.jpg,Comedy,6.8,319376,R,Paul Feig,"Kristen Wiig, Maya Rudolph, Rose Byrne",2011-05-13,125,Comedy
A Separation,A married couple are faced with a difficult decision - to improve the life of their child by moving to another country or to stay in Iran and look after a deteriorating parent who has Alzheimer&apos;s disease.,https://www.imdb.com/title/tt1832382/,https://m.media-amazon.com/images/M/MV5BMDM0ZWRmMzctM2M5ZS00ZjU0LWIxN2MtNWNlNGY1ZDhjMDVhXkEyXkFqcGc@._V1_.jpg,Drama,8.3,271977,PG-13,Asghar Farhadi,"Payman Maadi, Leila Hatami, Sareh Bayat",2011-03-16,123,Drama
WALL·E,"A robot who is responsible for cleaning a waste-covered Earth meets another robot and falls in love with her. Together, they set out on a journey that will alter the fate of mankind.",https://www.imdb.com/title/tt0910970/,https://m.media-amazon.com/images/M/MV5BMjExMTg5OTU0NF5BMl5BanBnXkFtZTcwMjMxMzMzMw@@._V1_.jpg,"Animation, Adventure, Family",8.4,1276389,G,Andrew Stanton,"Ben Burtt, Elissa Knight, Jeff Garlin",2008-06-27,98,"Adventure, Animation, Family"
A Prophet,"A delinquent Muslim man struggles to get by in prison until he is taken under the wing of a powerful mob boss, but his gradual rise through the organization&apos;s ranks brings him in conflict with his mentor.",https://www.imdb.com/title/tt1235166/,https://m.media-amazon.com/images/M/MV5BMTUyMjQ1MTY5OV5BMl5BanBnXkFtZTcwNzY5NjExMw@@._V1_.jpg,"Crime, Drama",7.8,105710,R,Jacques Audiard,"Tahar Rahim, Niels Arestrup, Adel Bencherif",2010-03-26,155,"Crime, Drama"
A Serious Man,"Larry Gopnik, a Midwestern physics teacher, watches his life unravel over multiple sudden incidents. Despite seeking meaning and answers amidst his turmoils, he seems to keep sinking.",https://www.imdb.com/title/tt1019452/,https://m.media-amazon.com/images/M/MV5BYTQ0MWU5ODItMmY0Yy00NTM1LWJjMmItMjg4MDgwMTE5YmY5XkEyXkFqcGc@._V1_.jpg,"Comedy, Drama",7.0,155266,R,"Ethan Coen, Joel Coen","Michael Stuhlbarg, Richard Kind, Sari Lennick",2009-11-06,106,"Comedy, Drama"
Call Me by Your Name,"In the summer of 1983, 17-year-old Elio is spending the days with his family at their villa in Lombardy, Italy. He soon meets 24-year-old Oliver, an intern working for Elio&apos;s father. They discover the heady beauty of awakening des...",https://www.imdb.com/title/tt5726616/,https://m.media-amazon.com/images/M/MV5BNDk3NTEwNjc0MV5BMl5BanBnXkFtZTgwNzYxNTMwMzI@._V1_.jpg,"Drama, Romance",7.8,344949,R,Luca Guadagnino,"Timothée Chalamet, Armie Hammer, Michael Stuhlbarg",2018-01-19,132,"Drama, Romance"
Portrait of a Lady on Fire,"On an isolated island in Brittany at the end of the eighteenth century, a female painter is obliged to paint a wedding portrait of a young woman.",https://www.imdb.com/title/tt8613070/,https://m.media-amazon.com/images/M/MV5BZjJlYWJlYmMtNjMyMS00ZDgxLTlmNjAtOTJhMzBiZWM5N2VmXkEyXkFqcGc@._V1_.jpg,"Drama, Romance",8.0,121617,R,Céline Sciamma,"Noémie Merlant, Adèle Haenel, Luàna Bajrami",2020-02-14,122,"Drama, Romance"
Lady Bird,"A fiercely independent teenager tries to make her own way in the world while wanting to get out of her hometown of Sacramento, California, and to get away from her complicated mother and recently-unemployed father.",https://www.imdb.com/title/tt4925292/,https://m.media-amazon.com/images/M/MV5BNjk5MzcyOWQtNzE1Mi00NzdmLTlkM2QtOTdjZThhMDc2Y2NjXkEyXkFqcGc@._V1_.jpg,"Comedy, Drama",7.4,354744,R,Greta Gerwig,"Saoirse Ronan, Laurie Metcalf, Tracy Letts",2017-12-01,94,"Comedy, Drama"
Yi Yi,"Portrait of a middle-class family in Taipei. A man in his forties, his teenage daughter and his eight-year-old son experience life, navigating between remorse, hope and disappointment.",https://www.imdb.com/title/tt0244316/,https://m.media-amazon.com/images/M/MV5BNTAyMDQ5Y2MtZDk0NC00N2IyLWE5OTgtZjJkZWNlMDBhMDhlXkEyXkFqcGc@._V1_.jpg,"Drama, Romance",8.1,31240,Not Rated,Edward Yang,"Nien-Jen Wu, Elaine Jin, Issei Ogata",2000-12-16,173,"Drama, Romance"
Amélie,"Despite being caught in her imaginative world, young waitress Amelie decides to help people find happiness. Her quest to spread joy leads her on a journey during which she finds true love.",https://www.imdb.com/title/tt0211915/,https://m.media-amazon.com/images/M/MV5BOTNmYzY0MWQtZGZmNy00Y2Y4LWFmMDQtMTZjYTdiYzEwZGQ2XkEyXkFqcGc@._V1_.jpg,"Comedy, Romance",8.3,824005,R,Jean-Pierre Jeunet,"Audrey Tautou, Mathieu Kassovitz, Rufus",2002-02-08,122,"Comedy, Romance"
The Master,A Naval veteran arrives home from war unsettled and uncertain of his future - until he is tantalized by a cult and its charismatic leader.,https://www.imdb.com/title/tt1560747/,https://m.media-amazon.com/images/M/MV5BMTQ2NjQ5MzMwMF5BMl5BanBnXkFtZTcwMjczNTAzOA@@._V1_.jpg,Drama,7.1,194209,R,Paul Thomas Anderson,"Joaquin Phoenix, Philip Seymour Hoffman, Amy Adams",2012-09-21,138,Drama
Oldboy,"After being kidnapped and imprisoned for fifteen years, Oh Dae-Su is released, only to find that he must track down his captor in five days.",https://www.imdb.com/title/tt0364569/,https://m.media-amazon.com/images/M/MV5BMTI3NTQyMzU5M15BMl5BanBnXkFtZTcwMTM2MjgyMQ@@._V1_.jpg,"Action, Drama, Mystery",8.3,689961,R,Park Chan-wook,"Choi Min-sik, Yoo Ji-tae, Kang Hye-jeong",2003-11-21,120,"Action, Drama, Thriller"
Once Upon a Time... in Hollywood,"As Hollywood&apos;s Golden Age is winding down during the summer of 1969, television actor Rick Dalton and his stunt double Cliff Booth endeavor to achieve lasting success in Hollywood while meeting several colorful characters along th...",https://www.imdb.com/title/tt7131622/,https://m.media-amazon.com/images/M/MV5BMzMzNmViNjYtN2ViNi00NDM3LWFlMmItNDYyMGIzY2EzZjE2XkEyXkFqcGc@._V1_.jpg,"Comedy, Drama",7.6,922976,R,Quentin Tarantino,"Leonardo DiCaprio, Brad Pitt, Margot Robbie",2019-07-26,161,"Comedy, Drama"
Moneyball,Oakland A&apos;s general manager Billy Beane&apos;s successful attempt to assemble a baseball team on a lean budget by employing computer-generated analysis to acquire new players.,https://www.imdb.com/title/tt1210166/,https://m.media-amazon.com/images/M/MV5BMjAxOTU3Mzc1M15BMl5BanBnXkFtZTcwMzk1ODUzNg@@._V1_.jpg,"Biography, Drama, Sport",7.6,493197,PG-13,Bennett Miller,"Brad Pitt, Robin Wright, Jonah Hill",2011-09-23,133,"Biography, Drama, Sport"
Roma,A year in the life of a upper-middle-class family&apos;s maid in Mexico City in the early 1970s.,https://www.imdb.com/title/tt6155172/,https://m.media-amazon.com/images/M/MV5BMTU0OTc3ODk4Ml5BMl5BanBnXkFtZTgwMzM4NzI5NjM@._V1_.jpg,Drama,7.6,175339,R,Alfonso Cuarón,"Yalitza Aparicio, Marina de Tavira, Diego Cortina Autrey",2018-12-14,135,Drama
Almost Famous,A high-school boy in the early 1970s is given the chance to write a story for Rolling Stone magazine about an up-and-coming rock band as he accompanies them on their concert tour.,https://www.imdb.com/title/tt0181875/,https://m.media-amazon.com/images/M/MV5BZGFmNDQzOTItOGZkNS00NjFkLWE4MjQtNmRjMjNlMjg3YzdiXkEyXkFqcGc@._V1_.jpg,"Adventure, Comedy, Drama",7.9,307276,R,Cameron Crowe,"Billy Crudup, Patrick Fugit, Kate Hudson",2000-09-22,122,"Adventure, Comedy, Drama"
The Lives of Others,"In 1984 East Berlin, an agent of the secret police conducting surveillance on a writer and his lover finds himself becoming increasingly absorbed by their lives.",https://www.imdb.com/title/tt0405094/,https://m.media-amazon.com/images/M/MV5BYjM1N2Q0YWEtN2E5MC00NDM3LTk2NTEtMTc1NTk5OTA5ZGIzXkEyXkFqcGc@._V1_.jpg,"Drama, Mystery, Thriller",8.4,431486,R,Florian Henckel von Donnersmarck,"Ulrich Mühe, Martina Gedeck, Sebastian Koch",2007-03-30,137,"Drama, Thriller"
Before Sunset,"Nine years after Jesse and Celine first met, they encounter each other again on the French leg of Jesse&apos;s book tour.",https://www.imdb.com/title/tt0381681/,https://m.media-amazon.com/images/M/MV5BMTQ1MjAwNTM5Ml5BMl5BanBnXkFtZTYwNDM0MTc3._V1_.jpg,"Drama, Romance",8.1,305792,R,Richard Linklater,"Ethan Hawke, Julie Delpy, Vernon Dobtcheff",2004-07-30,80,"Drama, Romance"
Up,"78-year-old Carl Fredricksen travels to South America in his house equipped with balloons, inadvertently taking a young stowaway.",https://www.imdb.com/title/tt1049413/,https://m.media-amazon.com/images/M/MV5BNmI1ZTc5MWMtMDYyOS00ZDc2LTkzOTAtNjQ4NWIxNjYyNDgzXkEyXkFqcGc@._V1_.jpg,"Animation, Adventure, Comedy",8.3,1196828,PG,"Pete Docter, Bob Peterson","Edward Asner, Jordan Nagai, John Ratzenberger",2009-05-29,96,"Adventure, Animation, Comedy"
12 Years a Slave,"In the antebellum United States, Solomon Northup, a free black man from upstate New York, is abducted and sold into slavery.",https://www.imdb.com/title/tt2024544/,https://m.media-amazon.com/images/M/MV5BMjExMTEzODkyN15BMl5BanBnXkFtZTcwNTU4NTc4OQ@@._V1_.jpg,"Biography, Drama, History",8.1,770404,R,Steve McQueen,"Chiwetel Ejiofor, Michael Kenneth Williams, Michael Fassbender",2013-11-08,134,"Biography, Drama, History"
The Favourite,"In early 18th-century England, the status quo at the court is upset when a new servant arrives and endears herself to a frail Queen Anne.",https://www.imdb.com/title/tt5083738/,https://m.media-amazon.com/images/M/MV5BMTg1NzQwMDQxNV5BMl5BanBnXkFtZTgwNDg2NDYyNjM@._V1_.jpg,"Biography, Comedy, Drama",7.5,250034,R,Yorgos Lanthimos,"Olivia Colman, Emma Stone, Rachel Weisz",2018-12-21,119,"Biography, Comedy, Drama"
Borat,Kazakh TV talking head Borat is dispatched to the United States to report on the greatest country in the world.,https://www.imdb.com/title/tt0443453/,https://m.media-amazon.com/images/M/MV5BMTk0MTQ3NDQ4Ml5BMl5BanBnXkFtZTcwOTQ3OTQzMw@@._V1_.jpg,Comedy,7.4,464776,R,Larry Charles,"Sacha Baron Cohen, Ken Davitian, Luenell",2006-11-03,84,Comedy
Pan&apos;s Labyrinth,"In 1944 Spain, a girl is sent to live with her ruthless stepfather. During the night, she meets a fairy who takes her to an old faun. He tells her she&apos;s a princess, but must prove her royalty by surviving three gruesome tasks.",https://www.imdb.com/title/tt0457430/,https://m.media-amazon.com/images/M/MV5BOTc1NTAxMWItMWFlNy00MmU2LTkwMTMtNzMwOTg5OTQ5YTFiXkEyXkFqcGc@._V1_.jpg,"Drama, Fantasy, War",8.2,730268,R,Guillermo del Toro,"Ivana Baquero, Ariadna Gil, Sergi López",2007-01-19,118,"Drama, Fantasy, War"
Inception,"A thief who steals corporate secrets through the use of dream-sharing technology is given the inverse task of planting an idea into the mind of a C.E.O., but his tragic past may doom the project and his team to disaster.",https://www.imdb.com/title/tt1375666/,https://m.media-amazon.com/images/M/MV5BMjAxMzY3NjcxNF5BMl5BanBnXkFtZTcwNTI5OTM0Mw@@._V1_.jpg,"Action, Adventure, Sci-Fi",8.8,2718846,PG-13,Christopher Nolan,"Leonardo DiCaprio, Joseph Gordon-Levitt, Elliot Page",2010-07-16,148,"Action, Adventure, Sci-Fi"
Punch-Drunk Love,Socially frustrated Barry Egan calls a phone-sex line to curb his loneliness. Little does he know it will land him in deep trouble and will jeopardize his burgeoning romance with the mysterious Lena.,https://www.imdb.com/title/tt0272338/,https://m.media-amazon.com/images/M/MV5BZTYyMTQ2MDAtMzYzYS00YjZiLWJiNDUtZjEwNzM4YzE1ZDhhXkEyXkFqcGc@._V1_.jpg,"Comedy, Drama, Romance",7.3,188212,R,Paul Thomas Anderson,"Adam Sandler, Emily Watson, Philip Seymour Hoffman",2002-11-01,95,"Comedy, Drama, Romance"
Best in Show,A behind-the-scenes look into the highly competitive and cut-throat world of dog shows through the eyes of a group of ruthless dog owners.,https://www.imdb.com/title/tt0218839/,https://m.media-amazon.com/images/M/MV5BMTQ5OTc0NDU1MF5BMl5BanBnXkFtZTYwNzk1OTI3._V1_.jpg,Comedy,7.5,70559,PG-13,Christopher Guest,"Fred Willard, Eugene Levy, Catherine O&apos;Hara",2000-10-20,90,Comedy
Uncut Gems,"With his debts mounting and angry collectors closing in, a fast-talking New York City jeweler risks everything in hope of staying afloat and alive.",https://www.imdb.com/title/tt5727208/,https://m.media-amazon.com/images/M/MV5BNmI0YjA5NjItYzExYi00NzkxLTkxNDctNGJjYTZhM2M0NDQ0XkEyXkFqcGc@._V1_.jpg,"Crime, Drama, Thriller",7.4,339101,R,"Benny Safdie, Josh Safdie","Adam Sandler, Julia Fox, Idina Menzel",2019-12-25,135,"Crime, Drama, Thriller"
Toni Erdmann,A practical joking father tries to reconnect with his hard working daughter by creating an outrageous alter ego and posing as her CEO&apos;s life coach.,https://www.imdb.com/title/tt4048272/,https://m.media-amazon.com/images/M/MV5BODNiNmE5OWMtNDAxMy00YTQzLThjMGItMTAwOTNlNGM2ZDlhXkEyXkFqcGc@._V1_.jpg,"Comedy, Drama",7.3,53904,R,Maren Ade,"Sandra Hüller, Peter Simonischek, Michael Wittenborn",2016-12-25,162,"Comedy, Drama"
Whiplash,A promising young drummer enrolls at a cut-throat music conservatory where his dreams of greatness are mentored by an instructor who will stop at nothing to realize a student&apos;s potential.,https://www.imdb.com/title/tt2582802/,https://m.media-amazon.com/images/M/MV5BMDFjOWFkYzktYzhhMC00NmYyLTkwY2EtYjViMDhmNzg0OGFkXkEyXkFqcGc@._V1_.jpg,"Drama, Music",8.5,1093262,R,Damien Chazelle,"Miles Teller, J.K. Simmons, Melissa Benoist",2014-10-15,106,"Drama, Music"
Kill Bill: Vol. 1,"After waking from a four-year coma, a former assassin wreaks vengeance on the team of assassins who betrayed her.",https://www.imdb.com/title/tt0266697/,https://m.media-amazon.com/images/M/MV5BZmMyYzJlZmYtY2I3NC00NjAyLTkyZWItZjdjZDI1YTYyYTEwXkEyXkFqcGc@._V1_.jpg,"Action, Crime, Thriller",8.2,1263976,R,Quentin Tarantino,"Uma Thurman, David Carradine, Daryl Hannah",2003-10-10,111,"Action, Crime, Thriller"
Memento,A former insurance investigator who now suffers from anterograde amnesia uses notes and tattoos to hunt down his wife&apos;s murderer.,https://www.imdb.com/title/tt0209144/,https://m.media-amazon.com/images/M/MV5BYmQ3MjliNjAtNWFiZS00YWI1LTlmZTktMzBiNDE1NjRhZjU0XkEyXkFqcGc@._V1_.jpg,"Drama, Mystery, Thriller",8.4,1393835,R,Christopher Nolan,"Guy Pearce, Carrie-Anne Moss, Joe Pantoliano",2001-05-25,113,"Drama, Thriller"
Little Miss Sunshine,A family determined to get their young daughter into the finals of a beauty pageant take a cross-country trip in their VW bus.,https://www.imdb.com/title/tt0449059/,https://m.media-amazon.com/images/M/MV5BMTgzNTgzODU0NV5BMl5BanBnXkFtZTcwMjEyMjMzMQ@@._V1_.jpg,"Comedy, Drama",7.8,543199,R,"Jonathan Dayton, Valerie Faris","Steve Carell, Toni Collette, Greg Kinnear",2006-08-18,101,"Comedy, Drama"
Gone Girl,The husband of a missing woman becomes the chief suspect in her disappearance.,https://www.imdb.com/title/tt2267998/,https://m.media-amazon.com/images/M/MV5BMTk0MDQ3MzAzOV5BMl5BanBnXkFtZTgwNzU1NzE3MjE@._V1_.jpg,"Drama, Mystery, Thriller",8.1,1133806,R,David Fincher,"Ben Affleck, Rosamund Pike, Neil Patrick Harris",2014-10-03,149,"Drama, Thriller"
Oppenheimer,"A dramatization of the life story of J. Robert Oppenheimer, the physicist who had a large hand in the development of the atomic bombs that brought an end to World War II.",https://www.imdb.com/title/tt15398776/,https://m.media-amazon.com/images/M/MV5BN2JkMDc5MGQtZjg3YS00NmFiLWIyZmQtZTJmNTM5MjVmYTQ4XkEyXkFqcGc@._V1_.jpg,"Biography, Drama, History",8.3,926481,R,Christopher Nolan,"Cillian Murphy, Emily Blunt, Matt Damon",2023-07-21,180,"Biography, Drama, History"
Spotlight,"The true story of how the Boston Globe uncovered the massive scandal of child molestation and cover-up within the local Catholic Archdiocese, shaking the entire Catholic Church to its core.",https://www.imdb.com/title/tt1895587/,https://m.media-amazon.com/images/M/MV5BMjIyOTM5OTIzNV5BMl5BanBnXkFtZTgwMDkzODE2NjE@._V1_.jpg,"Biography, Crime, Drama",8.1,523379,R,Tom McCarthy,"Mark Ruffalo, Michael Keaton, Rachel McAdams",2015-11-20,129,"Biography, Crime, Drama"
Tár,"Set in the international world of Western classical music, the film centers on Lydia Tár, widely considered one of the greatest living composer-conductors and the very first female director of a major German orchestra.",https://www.imdb.com/title/tt14444726/,https://m.media-amazon.com/images/M/MV5BYWY5YThhOGUtNDU4OS00NTk3LWI0ODQtNmRiYTk0ZjVkZWU2XkEyXkFqcGc@._V1_.jpg,"Drama, Music",7.4,105492,R,Todd Field,"Cate Blanchett, Noémie Merlant, Nina Hoss",2022-10-28,158,"Drama, Music"
The Hurt Locker,"During the Iraq War, a Sergeant recently assigned to an army bomb squad is put at odds with his squad mates due to his maverick way of handling his work.",https://www.imdb.com/title/tt0887912/,https://m.media-amazon.com/images/M/MV5BNzgyMGM2YTItYzY2Yi00NDQ0LWE0M2EtMGUzYjFlMDgyY2M3XkEyXkFqcGc@._V1_.jpg,"Drama, Thriller, War",7.5,487395,R,Kathryn Bigelow,"Jeremy Renner, Anthony Mackie, Brian Geraghty",2009-07-31,131,"Drama, Thriller, War"
Under the Skin,"A mysterious young woman seduces lonely men in the evening hours in Scotland. However, events lead her to begin a process of self-discovery.",https://www.imdb.com/title/tt1441395/,https://m.media-amazon.com/images/M/MV5BMTU1MDEwMDg4Nl5BMl5BanBnXkFtZTgwOTk3NTcxMTE@._V1_.jpg,"Drama, Horror, Mystery",6.3,165983,R,Jonathan Glazer,"Scarlett Johansson, Jeremy McWilliams, Lynsey Taylor Mackay",2014-04-18,108,"Drama, Horror, Thriller"
Let the Right One In,"A bullied boy forms a unique friendship with his new neighbor, who is a vampire.",https://www.imdb.com/title/tt1139797/,https://m.media-amazon.com/images/M/MV5BNjgxZGFlYjktNjE2NC00YTkzLTlhY2QtNDJmMDhmMGEzOTcwXkEyXkFqcGc@._V1_.jpg,"Drama, Fantasy, Horror",7.8,235188,R,Tomas Alfredson,"Kåre Hedebrant, Lina Leandersson, Per Ragnar",2008-12-12,114,"Drama, Fantasy, Horror"
Ocean&apos;s Eleven,"Danny Ocean, a gangster, rounds up a gang of associates to stage a sophisticated and elaborate casino heist which involves robbing three Las Vegas casinos simultaneously during a popular boxing event.",https://www.imdb.com/title/tt0240772/,https://m.media-amazon.com/images/M/MV5BMmNhZDkxYTgtMDM3ZC00NTQ3LWFjZTUtNzc1Y2QyNWZjNDRmXkEyXkFqcGc@._V1_.jpg,"Crime, Thriller",7.7,654302,PG-13,Steven Soderbergh,"George Clooney, Brad Pitt, Julia Roberts",2001-12-07,116,"Crime, Thriller"
Carol,An aspiring photographer develops an intimate relationship with an older woman in 1950s New York.,https://www.imdb.com/title/tt2402927/,https://m.media-amazon.com/images/M/MV5BMTczNTQ4OTEyNV5BMl5BanBnXkFtZTgwNDgyMDI3NjE@._V1_.jpg,"Drama, Romance",7.3,150080,R,Todd Haynes,"Cate Blanchett, Rooney Mara, Sarah Paulson",2016-01-15,118,"Drama, Romance"
Ratatouille,A rat who can cook makes an unusual alliance with a young kitchen worker at a famous Paris restaurant.,https://www.imdb.com/title/tt0382932/,https://m.media-amazon.com/images/M/MV5BMTMzODU0NTkxMF5BMl5BanBnXkFtZTcwMjQ4MzMzMw@@._V1_.jpg,"Animation, Adventure, Comedy",8.1,901401,G,"Brad Bird, Jan Pinkava","Brad Garrett, Lou Romano, Patton Oswalt",2007-06-29,111,"Adventure, Animation, Comedy"
The Florida Project,A single mother and the manager of a roadside motel do their utmost to maintain the innocence of a six-year-old girl&apos;s life.,https://www.imdb.com/title/tt5649144/,https://m.media-amazon.com/images/M/MV5BNDBhM2MxYjAtMWFiYy00MWMwLThkMDYtN2M1ZWY3NjkxNGExXkEyXkFqcGc@._V1_.jpg,Drama,7.6,141939,R,Sean Baker,"Brooklynn Prince, Bria Vinaite, Willem Dafoe",2017-11-10,111,Drama
Amour,"Georges and Anne are an octogenarian couple. They are cultivated, retired music teachers. Their daughter, also a musician, lives in Britain with her family. One day, Anne has a stroke, and the couple&apos;s bond of love is severely tes...",https://www.imdb.com/title/tt1602620/,https://m.media-amazon.com/images/M/MV5BMTk1NTc3NDc4MF5BMl5BanBnXkFtZTcwNjYwNDk0OA@@._V1_.jpg,Drama,7.9,108942,PG-13,Michael Haneke,"Jean-Louis Trintignant, Emmanuelle Riva, Isabelle Huppert",2012-09-20,127,Drama
"O Brother, Where Art Thou?","In the deep south during the 1930s, three escaped convicts search for hidden treasure while a relentless lawman pursues them.",https://www.imdb.com/title/tt0190590/,https://m.media-amazon.com/images/M/MV5BMDhmMzZkYzctOTQ4MS00NWEzLWI1YzMtNTllZDhkYjgwOWQ0XkEyXkFqcGc@._V1_.jpg,"Adventure, Comedy, Crime",7.7,343946,PG-13,"Joel Coen, Ethan Coen","George Clooney, John Turturro, Tim Blake Nelson",2001-02-02,107,"Adventure, Comedy, Crime"
Everything Everywhere All at Once,A middle-aged Chinese immigrant is swept up into an insane adventure in which she alone can save existence by exploring other universes and connecting with the lives she could have led.,https://www.imdb.com/title/tt6710474/,https://m.media-amazon.com/images/M/MV5BOWNmMzAzZmQtNDQ1NC00Nzk5LTkyMmUtNGI2N2NkOWM4MzEyXkEyXkFqcGc@._V1_.jpg,"Action, Adventure, Comedy",7.8,589484,R,"Daniel Kwan, Daniel Scheinert","Michelle Yeoh, Stephanie Hsu, Jamie Lee Curtis",2022-04-08,139,"Action, Adventure, Comedy"
Aftersun,Sophie reflects on the shared joy and private melancholy of a holiday she took with her father twenty years earlier. Memories real and imagined fill the gaps between as she tries to reconcile the father she knew with the man she d...,https://www.imdb.com/title/tt19770238/,https://m.media-amazon.com/images/M/MV5BZWU5Y2MyZjQtNGVjYi00ZDRkLTk1MGYtYmNlMzI0MTFmNDU2XkEyXkFqcGc@._V1_.jpg,Drama,7.6,118564,R,Charlotte Wells,"Paul Mescal, Frankie Corio, Celia Rowlson-Hall",2022-11-18,102,Drama
The Tree of Life,"The story of a family in Waco, Texas in 1956. The eldest son witnesses the loss of innocence and struggles with his parents&apos; conflicting teachings.",https://www.imdb.com/title/tt0478304/,https://m.media-amazon.com/images/M/MV5BMTMwNjQ0NjMzN15BMl5BanBnXkFtZTcwNjMxMTkyNA@@._V1_.jpg,"Drama, Fantasy",6.8,189585,PG-13,Terrence Malick,"Brad Pitt, Sean Penn, Jessica Chastain",2011-05-17,139,"Drama, Fantasy"
Volver,"After her death, a mother returns to her home town in order to fix the situations she couldn&apos;t resolve during her life.",https://www.imdb.com/title/tt0441909/,https://m.media-amazon.com/images/M/MV5BMjA0NTUxMjY1OV5BMl5BanBnXkFtZTcwNjI2OTMzMQ@@._V1_.jpg,"Comedy, Drama",7.6,111034,R,Pedro Almodóvar,"Penélope Cruz, Carmen Maura, Lola Dueñas",2007-01-26,121,"Comedy, Drama"
Black Swan,"Nina is a talented but unstable ballerina on the verge of stardom. Pushed to the breaking point by her artistic director and a seductive rival, Nina&apos;s grip on reality slips, plunging her into a waking nightmare.",https://www.imdb.com/title/tt0947798/,https://m.media-amazon.com/images/M/MV5BNzY2NzI4OTE5MF5BMl5BanBnXkFtZTcwMjMyNDY4Mw@@._V1_.jpg,"Drama, Thriller",8.0,866918,R,Darren Aronofsky,"Natalie Portman, Mila Kunis, Vincent Cassel",2010-12-17,108,"Drama, Thriller"
The Act of Killing,"A documentary which challenges former Indonesian death-squad leaders to reenact their mass-killings in whichever cinematic genres they wish, including classic Hollywood crime scenarios and lavish musical numbers.",https://www.imdb.com/title/tt2375605/,https://m.media-amazon.com/images/M/MV5BZDg1NDMwMGQtMmFkZS00NTQwLTkxYjktMTlhNjI2NzNlYTQ1XkEyXkFqcGc@._V1_.jpg,"Documentary, Biography, Crime",8.2,42919,Not Rated,"Joshua Oppenheimer, Anonymous, Christine Cynn","Anwar Congo, Herman Koto, Syamsul Arifin",2012-11-01,117,"Biography, Crime, Documentary"
Inside Llewyn Davis,A week in the life of a young singer as he navigates the Greenwich Village folk scene of 1961.,https://www.imdb.com/title/tt2042568/,https://m.media-amazon.com/images/M/MV5BMjAxNjcyNDQxM15BMl5BanBnXkFtZTgwNzU2NDA0MDE@._V1_.jpg,"Drama, Music",7.4,168945,R,"Ethan Coen, Joel Coen","Oscar Isaac, Carey Mulligan, John Goodman",2014-01-10,104,"Drama, Music"
Melancholia,Two sisters find their already strained relationship challenged as a mysterious new planet threatens to collide with Earth.,https://www.imdb.com/title/tt1527186/,https://m.media-amazon.com/images/M/MV5BMTk4NjM0MjI3MV5BMl5BanBnXkFtZTcwNjcxMDYzNg@@._V1_.jpg,"Drama, Sci-Fi",7.1,203962,R,Lars von Trier,"Kirsten Dunst, Charlotte Gainsbourg, Kiefer Sutherland",2011-05-26,135,"Drama, Sci-Fi"
Anchorman: The Legend of Ron Burgundy,"In the 1970s, an anchorman&apos;s stint as San Diego&apos;s top-rated newsreader is challenged when an ambitious newswoman becomes his co-anchor.",https://www.imdb.com/title/tt0357413/,https://m.media-amazon.com/images/M/MV5BMTQ2MzYwMzk5Ml5BMl5BanBnXkFtZTcwOTI4NzUyMw@@._V1_.jpg,Comedy,7.1,393373,PG-13,Adam McKay,"Will Ferrell, Christina Applegate, Steve Carell",2004-07-09,94,Comedy
Past Lives,"Nora and Hae Sung, two deeply connected childhood friends, are wrested apart after Nora&apos;s family emigrates from South Korea. Twenty years later, they are reunited for one fateful week as they confront notions of love and destiny.",https://www.imdb.com/title/tt13238346/,https://m.media-amazon.com/images/M/MV5BYjQyMTNhNjUtN2VmYy00NWRhLTkwOTctMGVmNTBmNDIxYjZhXkEyXkFqcGc@._V1_.jpg,"Drama, Romance",7.8,158628,PG-13,Celine Song,"Greta Lee, Teo Yoo, John Magaro",2023-06-23,105,"Drama, Romance"
The Lord of the Rings: The Fellowship of the Ring,A meek Hobbit from the Shire and eight companions set out on a journey to destroy the powerful One Ring and save Middle-earth from the Dark Lord Sauron.,https://www.imdb.com/title/tt0120737/,https://m.media-amazon.com/images/M/MV5BNzIxMDQ2YTctNDY4MC00ZTRhLTk4ODQtMTVlOWY4NTdiYmMwXkEyXkFqcGc@._V1_.jpg,"Adventure, Drama, Fantasy",8.9,2132804,PG-13,Peter Jackson,"Elijah Wood, Ian McKellen, Orlando Bloom",2001-12-19,178,"Adventure, Drama, Fantasy"
The Gleaners &amp; I,"Varda films and interviews gleaners in France in all forms, from those picking fields after the harvest to those scouring the dumpsters of Paris.",https://www.imdb.com/title/tt0247380/,https://m.media-amazon.com/images/M/MV5BM2FlZmQ3N2ItNGRmYi00MTk2LWFjMTQtMWI1ZDVmMzgzMjhlXkEyXkFqcGc@._V1_.jpg,Documentary,7.7,9663,Not Rated,Agnès Varda,"François Wertheimer, Agnès Varda, Jean La Planche",2000-07-07,82,Documentary
Interstellar,"When Earth becomes uninhabitable in the future, a farmer and ex-NASA pilot, Joseph Cooper, is tasked to pilot a spacecraft, along with a team of researchers, to find a new planet for humans.",https://www.imdb.com/title/tt0816692/,https://m.media-amazon.com/images/M/MV5BYzdjMDAxZGItMjI2My00ODA1LTlkNzItOWFjMDU5ZDJlYWY3XkEyXkFqcGc@._V1_.jpg,"Adventure, Drama, Sci-Fi",8.7,2390398,PG-13,Christopher Nolan,"Matthew McConaughey, Anne Hathaway, Jessica Chastain",2014-11-07,169,"Adventure, Drama, Sci-Fi"
Frances Ha,"A New York woman apprentices for a dance company and throws herself headlong into her dreams, even as the possibility of realizing them dwindles.",https://www.imdb.com/title/tt2347569/,https://m.media-amazon.com/images/M/MV5BOTY0NDQ2NzQ2N15BMl5BanBnXkFtZTcwMTU0OTkwOQ@@._V1_.jpg,"Comedy, Drama, Romance",7.4,99669,R,Noah Baumbach,"Greta Gerwig, Mickey Sumner, Adam Driver",2013-05-17,86,"Comedy, Drama, Romance"
Fish Tank,Everything changes for 15-year-old Mia when her mum brings home a new boyfriend.,https://www.imdb.com/title/tt1232776/,https://m.media-amazon.com/images/M/MV5BMTc1NTk4MzkxOF5BMl5BanBnXkFtZTcwNDkxMDAxMw@@._V1_.jpg,Drama,7.3,67227,Not Rated,Andrea Arnold,"Katie Jarvis, Michael Fassbender, Kierston Wareing",2009-09-11,123,Drama
Gladiator,A former Roman General sets out to exact vengeance against the corrupt emperor who murdered his family and sent him into slavery.,https://www.imdb.com/title/tt0172495/,https://m.media-amazon.com/images/M/MV5BYWQ4YmNjYjEtOWE1Zi00Y2U4LWI4NTAtMTU0MjkxNWQ1ZmJiXkEyXkFqcGc@._V1_.jpg,"Action, Adventure, Drama",8.5,1786200,R,Ridley Scott,"Russell Crowe, Joaquin Phoenix, Connie Nielsen",2000-05-05,155,"Action, Adventure, Drama"
Michael Clayton,A law firm brings in its &quot;fixer&quot; to remedy the situation after a lawyer has a breakdown while representing a chemical company that he knows is guilty in a multibillion-dollar class action suit.,https://www.imdb.com/title/tt0465538/,https://m.media-amazon.com/images/M/MV5BMTc0NTU5MjI2MV5BMl5BanBnXkFtZTcwMTg5NTQzMw@@._V1_.jpg,"Crime, Drama, Mystery",7.2,180459,R,Tony Gilroy,"George Clooney, Tilda Swinton, Tom Wilkinson",2007-10-12,119,"Crime, Drama, Thriller"
Minority Report,"John works with the PreCrime police which stop crimes before they take place, with the help of three &apos;PreCogs&apos; who can foresee crimes. Events ensue when John finds himself framed for a future murder.",https://www.imdb.com/title/tt0181689/,https://m.media-amazon.com/images/M/MV5BYTdmNzM3YzItZTRkYS00MTY5LTg4ZmItNjFmNTk2N2Q2NmNlXkEyXkFqcGc@._V1_.jpg,"Action, Crime, Mystery",7.6,607776,PG-13,Steven Spielberg,"Tom Cruise, Colin Farrell, Samantha Morton",2002-06-21,145,"Action, Crime, Thriller"
The Worst Person in the World,"The chronicles of four years in the life of Julie, a young woman who navigates the troubled waters of her love life and struggles to find her career path, leading her to take a realistic look at who she really is.",https://www.imdb.com/title/tt10370710/,https://m.media-amazon.com/images/M/MV5BZGEyYzBiYmItZDM4OC00NTdmLWJlYzctODdiM2E2MjZmYTU2XkEyXkFqcGc@._V1_.jpg,"Comedy, Drama, Romance",7.7,114689,R,Joachim Trier,"Renate Reinsve, Anders Danielsen Lie, Herbert Nordrum",2021-10-13,128,"Comedy, Drama, Romance"
Black Panther,"T&apos;Challa, heir to the hidden but advanced kingdom of Wakanda, must step forward to lead his people into a new future and must confront a challenger from his country&apos;s past.",https://www.imdb.com/title/tt1825683/,https://m.media-amazon.com/images/M/MV5BMTg1MTY2MjYzNV5BMl5BanBnXkFtZTgwMTc4NTMwNDI@._V1_.jpg,"Action, Adventure, Sci-Fi",7.3,885759,PG-13,Ryan Coogler,"Chadwick Boseman, Michael B. Jordan, Lupita Nyong&apos;o",2018-02-16,134,"Action, Adventure, Sci-Fi"
Gravity,"Dr Ryan Stone, an engineer on her first space mission, and Matt Kowalski, an astronaut on his final expedition, have to survive in space after they are hit by debris while spacewalking.",https://www.imdb.com/title/tt1454468/,https://m.media-amazon.com/images/M/MV5BNjE5MzYwMzYxMF5BMl5BanBnXkFtZTcwOTk4MTk0OQ@@._V1_.jpg,"Drama, Sci-Fi, Thriller",7.7,886542,PG-13,Alfonso Cuarón,"Sandra Bullock, George Clooney, Ed Harris",2013-10-04,91,"Drama, Sci-Fi, Thriller"
Grizzly Man,"A devastating and heart-rending take on grizzly bear activists Timothy Treadwell and Amie Huguenard, who were killed in October of 2003 while living among grizzly bears in Alaska.",https://www.imdb.com/title/tt0427312/,https://m.media-amazon.com/images/M/MV5BODc3NTAxMTY1MV5BMl5BanBnXkFtZTcwOTE4NjUzMw@@._V1_.jpg,"Documentary, Biography",7.8,65470,R,Werner Herzog,"Timothy Treadwell, Amie Huguenard, Werner Herzog",2005-09-30,103,"Biography, Documentary"
Memories of Murder,"In a small Korean province in 1986, two detectives struggle with the case of multiple young women being found raped and murdered by an unknown culprit.",https://www.imdb.com/title/tt0353969/,https://m.media-amazon.com/images/M/MV5BYmRjOWE5NmMtYTdkYS00ODFlLWJiMTMtYzE2NDZlZjlkZDQ0XkEyXkFqcGc@._V1_.jpg,"Crime, Drama, Mystery",8.1,248722,Not Rated,Bong Joon Ho,"Song Kang-ho, Kim Sang-kyung, Kim Roe-ha",2003-05-02,132,"Crime, Drama, Thriller"
Superbad,Two co-dependent high school seniors are forced to deal with separation anxiety after their plan to stage a booze-soaked party goes awry.,https://www.imdb.com/title/tt0829482/,https://m.media-amazon.com/images/M/MV5BNjk0MzdlZGEtNTRkOC00ZDRiLWJkYjAtMzUzYTRiNzk1YTViXkEyXkFqcGc@._V1_.jpg,Comedy,7.6,671732,R,Greg Mottola,"Michael Cera, Jonah Hill, Christopher Mintz-Plasse",2007-08-17,113,Comedy
